﻿<?xml version="1.0" encoding="UTF-8" standalone="yes"?>
<addon id="service.itv"
       name="ITV Service"
       version="0.0.6"
       provider-name="itv">
    <requires>
        <import addon="xbmc.python" version="2.1.0"/>
    </requires>
    <extension point="xbmc.service" library="service.py" start="login"></extension>
    <extension point="xbmc.addon.metadata">
        <summary lang="en">Service for ITV</summary>
        <description lang="en">Service for ITV</description>
        <disclaimer lang="en"></disclaimer>
        <license>GNU GENERAL PUBLIC LICENSE. Version 3, 29 June 2007.</license>
        <forum></forum>
        <website></website>
        <source></source>
        <platform>all</platform>
    </extension>
</addon>
