<?xml version="1.0" encoding="UTF-8" standalone="yes"?>
<addon id="script.satconf"
       name="SatConf"
       version="1.0.7"
       provider-name="meh">
   <requires>
     <import addon="xbmc.python" version="2.1.0"/>
     <import addon="script.module.requests" version="2.4.3"/>
     <import addon="service.softcam.oscam" version="0.0.0"/>
     <import addon="service.multimedia.tvheadend" version="0.0.0"/>
  </requires>
  <extension point="xbmc.python.script" library="default.py">
    <provides>executable</provides>
  </extension>
  <extension point="xbmc.addon.metadata">
    <summary lang="en">SatConf</summary>
    <description lang="en">SatConf</description>
    <language></language>
    <platform>all</platform>
  </extension>
</addon>
