<?xml version="1.0" encoding="UTF-8" standalone="yes"?>
<addon id="plugin.video.rteplayer"
       name="RTE Player"
       version="2.0.0"
       provider-name="slacklinucs@gmail.com">
    <requires>
        <import addon="xbmc.python" version="2.1.0"/>
        <import addon="script.module.simplejson" version="2.0.10"/>
        <import addon="script.module.beautifulsoup4" optional="false"/>
        <import addon="script.module.html5lib" optional="false"/>
    </requires>
    <extension point="xbmc.python.pluginsource"
               library="default.py">
        <provides>video audio</provides>
    </extension>
    <extension point="xbmc.addon.metadata">
        <summary lang="en">Watch RTE shows</summary>
        <description lang="en">Watch RTE shows</description>
        <platform>all</platform>
    </extension>
</addon>
